<?xml version="1.0" encoding="UTF-8" ?>
<!DOCTYPE mapper PUBLIC "-//mybatis.org//DTD Mapper 3.0//EN"
        "http://mybatis.org/dtd/mybatis-3-mapper.dtd">
<mapper namespace="com.example.sdhucanteendrone.mapper.FoodMapper">

    <select id="selectAll" resultType="com.example.sdhucanteendrone.entity.Food">
        SELECT * FROM foods
    </select>

    <select id="selectByCanteen" resultType="com.example.sdhucanteendrone.entity.Food">
        SELECT * FROM foods WHERE canteen_id = #{canteenId}
    </select>

    <select id="selectById" resultType="com.example.sdhucanteendrone.entity.Food">
        SELECT * FROM foods WHERE id = #{id}
    </select>

    <insert id="insert" parameterType="com.example.sdhucanteendrone.entity.Food" useGeneratedKeys="true" keyProperty="id">
        INSERT INTO foods(canteen_id, name, price_cent, stock, on_shelf)
        VALUES(#{canteenId}, #{name}, #{priceCent}, #{stock}, #{onShelf})
    </insert>

    <update id="update" parameterType="com.example.sdhucanteendrone.entity.Food">
        UPDATE foods
        SET name=#{name}, price_cent=#{priceCent}, stock=#{stock}, on_shelf=#{onShelf}, updated_at=NOW()
        WHERE id=#{id}
    </update>

    <delete id="deleteById">
        DELETE FROM foods WHERE id=#{id}
    </delete>

</mapper>
