<?xml version="1.0" encoding="UTF-8" ?>
<!DOCTYPE mapper PUBLIC "-//mybatis.org//DTD Mapper 3.0//EN"
        "http://mybatis.org/dtd/mybatis-3-mapper.dtd">
<mapper namespace="com.example.sdhucanteendrone.mapper.OrderMapper">

    <select id="selectAll" resultType="com.example.sdhucanteendrone.entity.Order">
        SELECT * FROM orders
    </select>

    <select id="selectById" resultType="com.example.sdhucanteendrone.entity.Order">
        SELECT * FROM orders WHERE id = #{id}
    </select>

    <insert id="insert" parameterType="com.example.sdhucanteendrone.entity.Order" useGeneratedKeys="true" keyProperty="id">
        INSERT INTO orders(customer_id, canteen_id, status, deliver_method, delivery_address, drone_id)
        VALUES(#{customerId}, #{canteenId}, #{status}, #{deliverMethod}, #{deliveryAddress}, #{droneId})
    </insert>

    <update id="updateStatus">
        UPDATE orders SET status = #{status}, updated_at = NOW() WHERE id = #{id}
    </update>

    <delete id="deleteById">
        DELETE FROM orders WHERE id=#{id}
    </delete>

    <select id="selectByCustomerId" resultType="com.example.sdhucanteendrone.entity.Order">
        SELECT *
        FROM orders
        WHERE customer_id = #{customerId}
        ORDER BY created_at DESC
            LIMIT #{limit} OFFSET #{offset}
    </select>



</mapper>
