<?xml version="1.0" encoding="UTF-8" ?>
<!DOCTYPE mapper PUBLIC "-//mybatis.org//DTD Mapper 3.0//EN"
        "http://mybatis.org/dtd/mybatis-3-mapper.dtd">
<mapper namespace="com.example.sdhucanteendrone.mapper.OrderItemMapper">

    <insert id="insert" parameterType="com.example.sdhucanteendrone.entity.OrderItem" useGeneratedKeys="true" keyProperty="id">
        INSERT INTO order_items (order_id, food_id, food_name, unit_price, qty)
        VALUES (#{orderId}, #{foodId}, #{foodName}, #{unitPrice}, #{qty})
    </insert>

    <insert id="insertBatch">
        INSERT INTO order_items (order_id, food_id, food_name, unit_price, qty)
        VALUES
        <foreach collection="items" item="it" separator=",">
            (#{it.orderId}, #{it.foodId}, #{it.foodName}, #{it.unitPrice}, #{it.qty})
        </foreach>
    </insert>

    <select id="listByOrderId" resultType="com.example.sdhucanteendrone.entity.OrderItem">
        SELECT id, order_id, food_id, food_name, unit_price, qty
        FROM order_items WHERE order_id = #{orderId}
    </select>

</mapper>
