<?xml version="1.0" encoding="UTF-8" ?>
<!DOCTYPE mapper PUBLIC "-//mybatis.org//DTD Mapper 3.0//EN"
        "http://mybatis.org/dtd/mybatis-3-mapper.dtd">
<mapper namespace="com.example.sdhucanteendrone.mapper.UserMapper">

    <resultMap id="UserMap" type="com.example.sdhucanteendrone.entity.User">
        <id property="id" column="id"/>
        <result property="username" column="username"/>
        <result property="usernameLc" column="username_lc"/>
        <result property="passwordHash" column="password_hash"/>
        <result property="displayName" column="display_name"/>
        <result property="phone" column="phone"/>
        <result property="role" column="role"/>
        <result property="status" column="status"/>
        <result property="createdAt" column="created_at"/>
        <result property="updatedAt" column="updated_at"/>
    </resultMap>

    <select id="selectAll" resultMap="UserMap">
        SELECT *
        FROM users
        ORDER BY id DESC
    </select>

    <select id="selectById" resultMap="UserMap">
        SELECT *
        FROM users
        WHERE id = #{id}
            LIMIT 1
    </select>

    <select id="selectByUsername" resultMap="UserMap">
        SELECT *
        FROM users
        WHERE username_lc = #{usernameLc}
            LIMIT 1
    </select>

    <insert id="insert" parameterType="com.example.sdhucanteendrone.entity.User" useGeneratedKeys="true" keyProperty="id">
        INSERT INTO users (
            username,
            password_hash,
            role,
            status,
            display_name,
            phone,
            created_at,
            updated_at
        ) VALUES (
                     #{username},
                     #{passwordHash},
                     #{role},
                     #{status},
                     #{displayName},
                     #{phone},
                     NOW(),
                     NOW()
                 )
    </insert>

    <update id="update" parameterType="com.example.sdhucanteendrone.entity.User">
        UPDATE users
        SET display_name = #{displayName},
            phone        = #{phone},
            status       = #{status},
            updated_at   = NOW()
        WHERE id = #{id}
    </update>

    <delete id="deleteById">
        DELETE FROM users WHERE id = #{id}
    </delete>

</mapper>
