-- 自动生成的测试数据
SET NAMES utf8mb4;
SET sql_safe_updates = 0;

-- Users
INSERT INTO users (id, username, password_hash, role, status, display_name, phone) VALUES
(1, 'sysadmin', '$2a$10$demoHashReplaceMe', 'ADMIN', 'ACTIVE', '系统管理员', '13800000001'),
(2, 'canteen_admin_1', '$2a$10$demoHashReplaceMe', 'CANTEEN', 'ACTIVE', '食堂管理员A', '13800000002'),
(3, 'canteen_admin_2', '$2a$10$demoHashReplaceMe', 'CANTEEN', 'ACTIVE', '食堂管理员B', '13800000003'),
(4, 'canteen_admin_3', '$2a$10$demoHashReplaceMe', 'CANTEEN', 'ACTIVE', '食堂管理员C', '13800000004'),
(5, '20251000', '$2a$10$demoHashReplaceMe', 'CUSTOMER', 'ACTIVE', '用户1', '13800000005'),
(6, '20251001', '$2a$10$demoHashReplaceMe', 'CUSTOMER', 'ACTIVE', '用户2', '13800000006'),
(7, '20251002', '$2a$10$demoHashReplaceMe', 'CUSTOMER', 'ACTIVE', '用户3', '13800000007'),
(8, '20251003', '$2a$10$demoHashReplaceMe', 'CUSTOMER', 'ACTIVE', '用户4', '13800000008'),
(9, '20251004', '$2a$10$demoHashReplaceMe', 'CUSTOMER', 'ACTIVE', '用户5', '13800000009'),
(10, '20251005', '$2a$10$demoHashReplaceMe', 'CUSTOMER', 'ACTIVE', '用户6', '13800000010'),
(11, '20251006', '$2a$10$demoHashReplaceMe', 'CUSTOMER', 'ACTIVE', '用户7', '13800000011'),
(12, '20251007', '$2a$10$demoHashReplaceMe', 'CUSTOMER', 'ACTIVE', '用户8', '13800000012'),
(13, '20251008', '$2a$10$demoHashReplaceMe', 'CUSTOMER', 'ACTIVE', '用户9', '13800000013'),
(14, '20251009', '$2a$10$demoHashReplaceMe', 'CUSTOMER', 'ACTIVE', '用户10', '13800000014'),
(15, '20251010', '$2a$10$demoHashReplaceMe', 'CUSTOMER', 'ACTIVE', '用户11', '13800000015'),
(16, '20251011', '$2a$10$demoHashReplaceMe', 'CUSTOMER', 'ACTIVE', '用户12', '13800000016'),
(17, '20251012', '$2a$10$demoHashReplaceMe', 'CUSTOMER', 'ACTIVE', '用户13', '13800000017'),
(18, '20251013', '$2a$10$demoHashReplaceMe', 'CUSTOMER', 'ACTIVE', '用户14', '13800000018'),
(19, '20251014', '$2a$10$demoHashReplaceMe', 'CUSTOMER', 'ACTIVE', '用户15', '13800000019'),
(20, '20251015', '$2a$10$demoHashReplaceMe', 'CUSTOMER', 'ACTIVE', '用户16', '13800000020'),
(21, '20251016', '$2a$10$demoHashReplaceMe', 'CUSTOMER', 'ACTIVE', '用户17', '13800000021'),
(22, '20251017', '$2a$10$demoHashReplaceMe', 'CUSTOMER', 'ACTIVE', '用户18', '13800000022'),
(23, '20251018', '$2a$10$demoHashReplaceMe', 'CUSTOMER', 'ACTIVE', '用户19', '13800000023'),
(24, '20251019', '$2a$10$demoHashReplaceMe', 'CUSTOMER', 'ACTIVE', '用户20', '13800000024'),
(25, '20251020', '$2a$10$demoHashReplaceMe', 'CUSTOMER', 'ACTIVE', '用户21', '13800000025'),
(26, '20251021', '$2a$10$demoHashReplaceMe', 'CUSTOMER', 'ACTIVE', '用户22', '13800000026'),
(27, '20251022', '$2a$10$demoHashReplaceMe', 'CUSTOMER', 'ACTIVE', '用户23', '13800000027'),
(28, '20251023', '$2a$10$demoHashReplaceMe', 'CUSTOMER', 'ACTIVE', '用户24', '13800000028'),
(29, '20251024', '$2a$10$demoHashReplaceMe', 'CUSTOMER', 'ACTIVE', '用户25', '13800000029'),
(30, '20251025', '$2a$10$demoHashReplaceMe', 'CUSTOMER', 'ACTIVE', '用户26', '13800000030'),
(31, '20251026', '$2a$10$demoHashReplaceMe', 'CUSTOMER', 'ACTIVE', '用户27', '13800000031'),
(32, '20251027', '$2a$10$demoHashReplaceMe', 'CUSTOMER', 'ACTIVE', '用户28', '13800000032'),
(33, '20251028', '$2a$10$demoHashReplaceMe', 'CUSTOMER', 'ACTIVE', '用户29', '13800000033'),
(34, '20251029', '$2a$10$demoHashReplaceMe', 'CUSTOMER', 'ACTIVE', '用户30', '13800000034');

-- Canteens
INSERT INTO canteens (id, name, location, open_status) VALUES
(1, '桃园食堂', '桃园三期-1层', 'OPEN'),
(2, '致理食堂', '致理楼-负一层', 'OPEN'),
(3, '荔园食堂', '荔园校区-2层', 'OPEN'),
(4, '南区食堂', '南区-1层', 'OPEN'),
(5, '北区食堂', '北区-2层', 'OPEN');

-- Canteen Managers
INSERT INTO canteen_managers (canteen_id, user_id) VALUES
(1, 2),
(2, 2),
(3, 3),
(4, 3),
(5, 4);

-- Menu Categories
INSERT INTO menu_categories (id, canteen_id, name, sort) VALUES
(1, 1, '盖浇饭', 1),
(2, 1, '粉面', 2),
(3, 1, '小炒', 3),
(4, 1, '饮品', 4),
(5, 2, '盖浇饭', 1),
(6, 2, '粉面', 2),
(7, 2, '小炒', 3),
(8, 2, '饮品', 4),
(9, 3, '盖浇饭', 1),
(10, 3, '粉面', 2),
(11, 3, '小炒', 3),
(12, 3, '饮品', 4),
(13, 4, '盖浇饭', 1),
(14, 4, '粉面', 2),
(15, 4, '小炒', 3),
(16, 4, '饮品', 4),
(17, 5, '盖浇饭', 1),
(18, 5, '粉面', 2),
(19, 5, '小炒', 3),
(20, 5, '饮品', 4);

-- Foods
INSERT INTO foods (id, canteen_id, category_id, name, price_cent, stock, on_shelf) VALUES
(1, 1, 1, '宫保鸡丁盖饭-1-1', 2509, 78, 1),
(2, 1, 1, '鱼香肉丝盖饭-1-1', 1251, 120, 1),
(3, 1, 1, '番茄牛腩盖饭-1-1', 1701, 107, 1),
(4, 1, 1, '咖喱鸡饭-1-1', 1485, 76, 1),
(5, 1, 2, '宫保鸡丁盖饭-1-2', 2585, 189, 1),
(6, 1, 2, '鱼香肉丝盖饭-1-2', 1378, 158, 1),
(7, 1, 2, '番茄牛腩盖饭-1-2', 1265, 57, 1),
(8, 1, 2, '咖喱鸡饭-1-2', 1391, 105, 1),
(9, 1, 3, '宫保鸡丁盖饭-1-3', 1676, 179, 1),
(10, 1, 3, '鱼香肉丝盖饭-1-3', 2432, 56, 1),
(11, 1, 3, '番茄牛腩盖饭-1-3', 2349, 100, 1),
(12, 1, 3, '咖喱鸡饭-1-3', 2666, 189, 1),
(13, 1, 4, '宫保鸡丁盖饭-1-4', 2059, 106, 1),
(14, 1, 4, '鱼香肉丝盖饭-1-4', 2119, 200, 1),
(15, 1, 4, '番茄牛腩盖饭-1-4', 1769, 51, 1),
(16, 1, 4, '咖喱鸡饭-1-4', 2754, 90, 1),
(17, 2, 5, '宫保鸡丁盖饭-2-5', 2629, 158, 1),
(18, 2, 5, '鱼香肉丝盖饭-2-5', 1896, 121, 1),
(19, 2, 5, '番茄牛腩盖饭-2-5', 1518, 105, 1),
(20, 2, 5, '咖喱鸡饭-2-5', 3160, 136, 1),
(21, 2, 6, '宫保鸡丁盖饭-2-6', 1409, 73, 1),
(22, 2, 6, '鱼香肉丝盖饭-2-6', 1978, 74, 1),
(23, 2, 6, '番茄牛腩盖饭-2-6', 1935, 138, 1),
(24, 2, 6, '咖喱鸡饭-2-6', 2436, 117, 1),
(25, 2, 7, '宫保鸡丁盖饭-2-7', 2852, 61, 1),
(26, 2, 7, '鱼香肉丝盖饭-2-7', 2694, 167, 1),
(27, 2, 7, '番茄牛腩盖饭-2-7', 2298, 81, 1),
(28, 2, 7, '咖喱鸡饭-2-7', 3192, 146, 1),
(29, 2, 8, '宫保鸡丁盖饭-2-8', 1361, 191, 1),
(30, 2, 8, '鱼香肉丝盖饭-2-8', 1800, 142, 1),
(31, 2, 8, '番茄牛腩盖饭-2-8', 2382, 99, 1),
(32, 2, 8, '咖喱鸡饭-2-8', 2642, 67, 1),
(33, 3, 9, '宫保鸡丁盖饭-3-9', 1293, 108, 1),
(34, 3, 9, '鱼香肉丝盖饭-3-9', 2783, 124, 1),
(35, 3, 9, '番茄牛腩盖饭-3-9', 1363, 109, 1),
(36, 3, 9, '咖喱鸡饭-3-9', 2974, 75, 1),
(37, 3, 10, '宫保鸡丁盖饭-3-10', 1978, 121, 1),
(38, 3, 10, '鱼香肉丝盖饭-3-10', 2128, 143, 1),
(39, 3, 10, '番茄牛腩盖饭-3-10', 1533, 144, 1),
(40, 3, 10, '咖喱鸡饭-3-10', 1927, 103, 1),
(41, 3, 11, '宫保鸡丁盖饭-3-11', 2572, 118, 1),
(42, 3, 11, '鱼香肉丝盖饭-3-11', 2637, 68, 1),
(43, 3, 11, '番茄牛腩盖饭-3-11', 2447, 93, 1),
(44, 3, 11, '咖喱鸡饭-3-11', 2293, 112, 1),
(45, 3, 12, '宫保鸡丁盖饭-3-12', 1534, 168, 1),
(46, 3, 12, '鱼香肉丝盖饭-3-12', 1977, 119, 1),
(47, 3, 12, '番茄牛腩盖饭-3-12', 3095, 192, 1),
(48, 3, 12, '咖喱鸡饭-3-12', 1649, 133, 1),
(49, 4, 13, '宫保鸡丁盖饭-4-13', 2926, 64, 1),
(50, 4, 13, '鱼香肉丝盖饭-4-13', 1669, 58, 1),
(51, 4, 13, '番茄牛腩盖饭-4-13', 2848, 130, 1),
(52, 4, 13, '咖喱鸡饭-4-13', 2021, 118, 1),
(53, 4, 14, '宫保鸡丁盖饭-4-14', 1335, 104, 1),
(54, 4, 14, '鱼香肉丝盖饭-4-14', 3070, 195, 1),
(55, 4, 14, '番茄牛腩盖饭-4-14', 2994, 130, 1),
(56, 4, 14, '咖喱鸡饭-4-14', 1635, 177, 1),
(57, 4, 15, '宫保鸡丁盖饭-4-15', 2010, 167, 1),
(58, 4, 15, '鱼香肉丝盖饭-4-15', 1492, 117, 1),
(59, 4, 15, '番茄牛腩盖饭-4-15', 1485, 113, 1),
(60, 4, 15, '咖喱鸡饭-4-15', 2725, 193, 1),
(61, 4, 16, '宫保鸡丁盖饭-4-16', 2303, 117, 1),
(62, 4, 16, '鱼香肉丝盖饭-4-16', 2729, 199, 1),
(63, 4, 16, '番茄牛腩盖饭-4-16', 2077, 199, 1),
(64, 4, 16, '咖喱鸡饭-4-16', 2017, 142, 1),
(65, 5, 17, '宫保鸡丁盖饭-5-17', 1649, 85, 1),
(66, 5, 17, '鱼香肉丝盖饭-5-17', 2243, 176, 1),
(67, 5, 17, '番茄牛腩盖饭-5-17', 1386, 62, 1),
(68, 5, 17, '咖喱鸡饭-5-17', 2963, 78, 1),
(69, 5, 18, '宫保鸡丁盖饭-5-18', 1513, 90, 1),
(70, 5, 18, '鱼香肉丝盖饭-5-18', 2822, 158, 1),
(71, 5, 18, '番茄牛腩盖饭-5-18', 2421, 66, 1),
(72, 5, 18, '咖喱鸡饭-5-18', 1988, 147, 1),
(73, 5, 19, '宫保鸡丁盖饭-5-19', 2420, 169, 1),
(74, 5, 19, '鱼香肉丝盖饭-5-19', 2283, 114, 1),
(75, 5, 19, '番茄牛腩盖饭-5-19', 3188, 191, 1),
(76, 5, 19, '咖喱鸡饭-5-19', 2962, 52, 1),
(77, 5, 20, '宫保鸡丁盖饭-5-20', 2593, 79, 1),
(78, 5, 20, '鱼香肉丝盖饭-5-20', 2596, 187, 1),
(79, 5, 20, '番茄牛腩盖饭-5-20', 2737, 118, 1),
(80, 5, 20, '咖喱鸡饭-5-20', 2774, 137, 1);

-- Drones
INSERT INTO drones (id, code, model, max_payload_kg, status) VALUES
(1, 'DRN-001', 'DJI-MX', 2.5, 'IDLE'),
(2, 'DRN-002', 'DJI-MX', 2.5, 'IDLE'),
(3, 'DRN-003', 'DJI-MX', 2.5, 'IDLE'),
(4, 'DRN-004', 'DJI-MX', 2.5, 'IDLE'),
(5, 'DRN-005', 'DJI-MX', 2.5, 'IDLE'),
(6, 'DRN-006', 'DJI-MX', 2.5, 'IDLE'),
(7, 'DRN-007', 'DJI-MX', 2.5, 'IDLE');

-- Orders
INSERT INTO orders (id, customer_id, canteen_id, status, deliver_method, drone_id, amount_total, delivery_address, created_at) VALUES
(1, 8, 3, 'SHIPPED', 'MANUAL', NULL, 9053, '宿舍15栋-101', '2025-12-19 07:29:16'),
(2, 32, 3, 'COMPLETED', 'DRONE', 5, 8956, '宿舍7栋-178', '2025-12-05 07:29:16'),
(3, 24, 3, 'SHIPPED', 'DRONE', 1, 5806, '宿舍12栋-513', '2025-12-21 07:29:16'),
(4, 7, 1, 'COMPLETED', 'MANUAL', NULL, 12622, '宿舍3栋-489', '2025-12-09 07:29:16'),
(5, 13, 5, 'DELIVERED', 'DRONE', 4, 18267, '宿舍18栋-486', '2025-12-18 07:29:16'),
(6, 16, 4, 'DELIVERED', 'DRONE', 4, 1485, '宿舍8栋-215', '2025-12-21 07:29:16'),
(7, 23, 5, 'CONFIRMED', 'MANUAL', NULL, 2243, '宿舍8栋-103', '2025-12-06 07:29:16'),
(8, 7, 1, 'PACKED', 'DRONE', 1, 12237, '宿舍8栋-242', '2025-12-08 07:29:16'),
(9, 23, 4, 'CONFIRMED', 'DRONE', 7, 6063, '宿舍14栋-197', '2025-12-09 07:29:16'),
(10, 18, 3, 'SHIPPED', 'MANUAL', NULL, 2974, '宿舍15栋-473', '2025-12-11 07:29:16'),
(11, 17, 3, 'PENDING', 'DRONE', 2, 5044, '宿舍7栋-374', '2025-12-18 07:29:16'),
(12, 19, 2, 'PENDING', 'DRONE', 4, 7247, '宿舍4栋-125', '2025-12-07 07:29:16'),
(13, 20, 4, 'CONFIRMED', 'MANUAL', NULL, 11840, '宿舍2栋-184', '2025-12-12 07:29:16'),
(14, 14, 4, 'COMPLETED', 'DRONE', 6, 1492, '宿舍16栋-179', '2025-12-07 07:29:16'),
(15, 6, 5, 'COMPLETED', 'DRONE', 5, 8322, '宿舍11栋-129', '2025-12-23 07:29:16'),
(16, 34, 5, 'CONFIRMED', 'MANUAL', NULL, 4158, '宿舍17栋-141', '2025-12-23 07:29:16'),
(17, 7, 2, 'SHIPPED', 'DRONE', 1, 19800, '宿舍8栋-396', '2025-12-06 07:29:16'),
(18, 23, 5, 'PACKED', 'DRONE', 3, 11937, '宿舍11栋-222', '2025-12-18 07:29:16'),
(19, 14, 4, 'PACKED', 'MANUAL', NULL, 11048, '宿舍1栋-334', '2025-12-22 07:29:16'),
(20, 9, 3, 'PENDING', 'DRONE', 2, 12858, '宿舍10栋-180', '2025-12-13 07:29:16'),
(21, 5, 5, 'PACKED', 'DRONE', 6, 8889, '宿舍5栋-235', '2025-12-21 07:29:16'),
(22, 22, 2, 'PACKED', 'MANUAL', NULL, 21140, '宿舍20栋-207', '2025-12-15 07:29:16'),
(23, 20, 3, 'PENDING', 'DRONE', 1, 2586, '宿舍14栋-241', '2025-12-04 07:29:16'),
(24, 29, 2, 'COMPLETED', 'DRONE', 3, 12539, '宿舍15栋-382', '2025-12-19 07:29:16'),
(25, 33, 2, 'DELIVERED', 'MANUAL', NULL, 8315, '宿舍12栋-398', '2025-12-23 07:29:16'),
(26, 33, 1, 'PACKED', 'DRONE', 2, 7217, '宿舍4栋-281', '2025-12-17 07:29:16'),
(27, 30, 2, 'SHIPPED', 'DRONE', 1, 6663, '宿舍11栋-500', '2025-12-19 07:29:16'),
(28, 8, 4, 'PENDING', 'MANUAL', NULL, 4060, '宿舍8栋-202', '2025-12-09 07:29:16'),
(29, 5, 2, 'SHIPPED', 'DRONE', 3, 14172, '宿舍3栋-495', '2025-12-16 07:29:16'),
(30, 26, 5, 'PACKED', 'DRONE', 1, 15044, '宿舍9栋-191', '2025-12-21 07:29:16'),
(31, 28, 3, 'SHIPPED', 'MANUAL', NULL, 7467, '宿舍17栋-159', '2025-12-05 07:29:16'),
(32, 18, 1, 'DELIVERED', 'DRONE', 7, 10449, '宿舍7栋-286', '2025-12-07 07:29:16'),
(33, 15, 1, 'COMPLETED', 'DRONE', 3, 9577, '宿舍10栋-441', '2025-12-08 07:29:16'),
(34, 22, 2, 'CONFIRMED', 'MANUAL', NULL, 16490, '宿舍13栋-446', '2025-12-11 07:29:16'),
(35, 31, 1, 'PACKED', 'DRONE', 3, 10640, '宿舍14栋-502', '2025-12-18 07:29:16'),
(36, 21, 4, 'COMPLETED', 'DRONE', 2, 11950, '宿舍10栋-363', '2025-12-22 07:29:16'),
(37, 12, 2, 'CONFIRMED', 'MANUAL', NULL, 10344, '宿舍2栋-225', '2025-12-24 07:29:16'),
(38, 23, 2, 'COMPLETED', 'DRONE', 6, 4227, '宿舍16栋-304', '2025-12-12 07:29:16'),
(39, 27, 1, 'PENDING', 'DRONE', 7, 7630, '宿舍8栋-190', '2025-12-11 07:29:16'),
(40, 9, 4, 'COMPLETED', 'MANUAL', NULL, 10707, '宿舍18栋-404', '2025-12-08 07:29:16'),
(41, 18, 5, 'SHIPPED', 'DRONE', 2, 7260, '宿舍15栋-232', '2025-12-09 07:29:16'),
(42, 20, 2, 'PACKED', 'DRONE', 4, 8872, '宿舍10栋-220', '2025-12-22 07:29:16'),
(43, 9, 2, 'CONFIRMED', 'MANUAL', NULL, 3036, '宿舍5栋-461', '2025-12-12 07:29:16'),
(44, 18, 3, 'DELIVERED', 'DRONE', 4, 13887, '宿舍2栋-205', '2025-12-11 07:29:16'),
(45, 5, 5, 'SHIPPED', 'DRONE', 4, 15048, '宿舍12栋-252', '2025-12-24 07:29:16'),
(46, 22, 5, 'CONFIRMED', 'MANUAL', NULL, 8846, '宿舍8栋-239', '2025-12-09 07:29:16'),
(47, 26, 4, 'COMPLETED', 'DRONE', 2, 23991, '宿舍5栋-418', '2025-12-10 07:29:16'),
(48, 5, 1, 'COMPLETED', 'DRONE', 4, 3352, '宿舍15栋-193', '2025-12-20 07:29:16'),
(49, 15, 2, 'SHIPPED', 'MANUAL', NULL, 8426, '宿舍11栋-489', '2025-12-14 07:29:16'),
(50, 31, 1, 'SHIPPED', 'DRONE', 1, 5103, '宿舍2栋-279', '2025-12-07 07:29:16'),
(51, 6, 1, 'CONFIRMED', 'DRONE', 2, 5170, '宿舍20栋-178', '2025-12-24 07:29:16'),
(52, 26, 1, 'DELIVERED', 'MANUAL', NULL, 13101, '宿舍15栋-458', '2025-12-18 07:29:16'),
(53, 28, 1, 'CONFIRMED', 'DRONE', 3, 7442, '宿舍19栋-113', '2025-12-21 07:29:16'),
(54, 7, 5, 'COMPLETED', 'DRONE', 7, 19009, '宿舍8栋-152', '2025-12-04 07:29:16'),
(55, 30, 1, 'PACKED', 'MANUAL', NULL, 8455, '宿舍14栋-438', '2025-12-07 07:29:16'),
(56, 5, 4, 'SHIPPED', 'DRONE', 1, 10317, '宿舍12栋-425', '2025-12-11 07:29:16'),
(57, 21, 3, 'DELIVERED', 'DRONE', 7, 4700, '宿舍16栋-338', '2025-12-07 07:29:16'),
(58, 13, 4, 'CONFIRMED', 'MANUAL', NULL, 13672, '宿舍19栋-412', '2025-12-10 07:29:16'),
(59, 20, 2, 'PACKED', 'DRONE', 7, 13827, '宿舍11栋-243', '2025-12-16 07:29:16'),
(60, 12, 4, 'SHIPPED', 'DRONE', 5, 8258, '宿舍16栋-430', '2025-12-17 07:29:16');

-- Order Items
INSERT INTO order_items (id, order_id, food_id, food_name, unit_price, qty) VALUES
(1, 1, 41, '宫保鸡丁盖饭-3-11', 2572, 1),
(2, 1, 48, '咖喱鸡饭-3-12', 1649, 3),
(3, 1, 45, '宫保鸡丁盖饭-3-12', 1534, 1),
(4, 2, 38, '鱼香肉丝盖饭-3-10', 2128, 3),
(5, 2, 41, '宫保鸡丁盖饭-3-11', 2572, 1),
(6, 3, 40, '咖喱鸡饭-3-10', 1927, 1),
(7, 3, 33, '宫保鸡丁盖饭-3-9', 1293, 3),
(8, 4, 5, '宫保鸡丁盖饭-1-2', 2585, 2),
(9, 4, 3, '番茄牛腩盖饭-1-1', 1701, 3),
(10, 4, 11, '番茄牛腩盖饭-1-3', 2349, 1),
(11, 5, 71, '番茄牛腩盖饭-5-18', 2421, 2),
(12, 5, 76, '咖喱鸡饭-5-19', 2962, 3),
(13, 5, 69, '宫保鸡丁盖饭-5-18', 1513, 3),
(14, 6, 59, '番茄牛腩盖饭-4-15', 1485, 1),
(15, 7, 66, '鱼香肉丝盖饭-5-17', 2243, 1),
(16, 8, 16, '咖喱鸡饭-1-4', 2754, 1),
(17, 8, 4, '咖喱鸡饭-1-1', 1485, 3),
(18, 8, 9, '宫保鸡丁盖饭-1-3', 1676, 3),
(19, 9, 52, '咖喱鸡饭-4-13', 2021, 3),
(20, 10, 36, '咖喱鸡饭-3-9', 2974, 1),
(21, 11, 37, '宫保鸡丁盖饭-3-10', 1978, 1),
(22, 11, 39, '番茄牛腩盖饭-3-10', 1533, 2),
(23, 12, 17, '宫保鸡丁盖饭-2-5', 2629, 1),
(24, 12, 18, '鱼香肉丝盖饭-2-5', 1896, 1),
(25, 12, 29, '宫保鸡丁盖饭-2-8', 1361, 2),
(26, 13, 49, '宫保鸡丁盖饭-4-13', 2926, 2),
(27, 13, 55, '番茄牛腩盖饭-4-14', 2994, 2),
(28, 14, 58, '鱼香肉丝盖饭-4-15', 1492, 1),
(29, 15, 80, '咖喱鸡饭-5-20', 2774, 3),
(30, 16, 67, '番茄牛腩盖饭-5-17', 1386, 3),
(31, 17, 18, '鱼香肉丝盖饭-2-5', 1896, 2),
(32, 17, 26, '鱼香肉丝盖饭-2-7', 2694, 3),
(33, 17, 32, '咖喱鸡饭-2-8', 2642, 3),
(34, 18, 77, '宫保鸡丁盖饭-5-20', 2593, 3),
(35, 18, 67, '番茄牛腩盖饭-5-17', 1386, 3),
(36, 19, 52, '咖喱鸡饭-4-13', 2021, 1),
(37, 19, 50, '鱼香肉丝盖饭-4-13', 1669, 3),
(38, 19, 57, '宫保鸡丁盖饭-4-15', 2010, 2),
(39, 20, 42, '鱼香肉丝盖饭-3-11', 2637, 3),
(40, 20, 48, '咖喱鸡饭-3-12', 1649, 3),
(41, 21, 68, '咖喱鸡饭-5-17', 2963, 3),
(42, 22, 27, '番茄牛腩盖饭-2-7', 2298, 3),
(43, 22, 20, '咖喱鸡饭-2-5', 3160, 2),
(44, 22, 32, '咖喱鸡饭-2-8', 2642, 3),
(45, 23, 33, '宫保鸡丁盖饭-3-9', 1293, 2),
(46, 24, 30, '鱼香肉丝盖饭-2-8', 1800, 1),
(47, 24, 25, '宫保鸡丁盖饭-2-7', 2852, 1),
(48, 24, 17, '宫保鸡丁盖饭-2-5', 2629, 3),
(49, 25, 21, '宫保鸡丁盖饭-2-6', 1409, 1),
(50, 25, 23, '番茄牛腩盖饭-2-6', 1935, 2),
(51, 25, 19, '番茄牛腩盖饭-2-5', 1518, 2),
(52, 26, 14, '鱼香肉丝盖饭-1-4', 2119, 1),
(53, 26, 10, '鱼香肉丝盖饭-1-3', 2432, 1),
(54, 26, 12, '咖喱鸡饭-1-3', 2666, 1),
(55, 27, 24, '咖喱鸡饭-2-6', 2436, 1),
(56, 27, 21, '宫保鸡丁盖饭-2-6', 1409, 3),
(57, 28, 60, '咖喱鸡饭-4-15', 2725, 1),
(58, 28, 53, '宫保鸡丁盖饭-4-14', 1335, 1),
(59, 29, 28, '咖喱鸡饭-2-7', 3192, 3),
(60, 29, 27, '番茄牛腩盖饭-2-7', 2298, 2),
(61, 30, 73, '宫保鸡丁盖饭-5-19', 2420, 3),
(62, 30, 65, '宫保鸡丁盖饭-5-17', 1649, 2),
(63, 30, 66, '鱼香肉丝盖饭-5-17', 2243, 2),
(64, 31, 39, '番茄牛腩盖饭-3-10', 1533, 1),
(65, 31, 37, '宫保鸡丁盖饭-3-10', 1978, 3),
(66, 32, 3, '番茄牛腩盖饭-1-1', 1701, 2),
(67, 32, 11, '番茄牛腩盖饭-1-3', 2349, 3),
(68, 33, 11, '番茄牛腩盖饭-1-3', 2349, 3),
(69, 33, 7, '番茄牛腩盖饭-1-2', 1265, 2),
(70, 34, 22, '鱼香肉丝盖饭-2-6', 1978, 2),
(71, 34, 26, '鱼香肉丝盖饭-2-7', 2694, 2),
(72, 34, 31, '番茄牛腩盖饭-2-8', 2382, 3),
(73, 35, 11, '番茄牛腩盖饭-1-3', 2349, 2),
(74, 35, 8, '咖喱鸡饭-1-2', 1391, 3),
(75, 35, 15, '番茄牛腩盖饭-1-4', 1769, 1),
(76, 36, 59, '番茄牛腩盖饭-4-15', 1485, 1),
(77, 36, 50, '鱼香肉丝盖饭-4-13', 1669, 3),
(78, 36, 62, '鱼香肉丝盖饭-4-16', 2729, 2),
(79, 37, 19, '番茄牛腩盖饭-2-5', 1518, 2),
(80, 37, 24, '咖喱鸡饭-2-6', 2436, 3),
(81, 38, 21, '宫保鸡丁盖饭-2-6', 1409, 3),
(82, 39, 15, '番茄牛腩盖饭-1-4', 1769, 1),
(83, 39, 1, '宫保鸡丁盖饭-1-1', 2509, 1),
(84, 39, 9, '宫保鸡丁盖饭-1-3', 1676, 2),
(85, 40, 63, '番茄牛腩盖饭-4-16', 2077, 3),
(86, 40, 58, '鱼香肉丝盖饭-4-15', 1492, 3),
(87, 41, 73, '宫保鸡丁盖饭-5-19', 2420, 3),
(88, 42, 27, '番茄牛腩盖饭-2-7', 2298, 3),
(89, 42, 22, '鱼香肉丝盖饭-2-6', 1978, 1),
(90, 43, 19, '番茄牛腩盖饭-2-5', 1518, 2),
(91, 44, 45, '宫保鸡丁盖饭-3-12', 1534, 3),
(92, 44, 47, '番茄牛腩盖饭-3-12', 3095, 3),
(93, 45, 78, '鱼香肉丝盖饭-5-20', 2596, 3),
(94, 45, 73, '宫保鸡丁盖饭-5-19', 2420, 3),
(95, 46, 80, '咖喱鸡饭-5-20', 2774, 2),
(96, 46, 65, '宫保鸡丁盖饭-5-17', 1649, 2),
(97, 47, 49, '宫保鸡丁盖饭-4-13', 2926, 3),
(98, 47, 63, '番茄牛腩盖饭-4-16', 2077, 3),
(99, 47, 55, '番茄牛腩盖饭-4-14', 2994, 3),
(100, 48, 9, '宫保鸡丁盖饭-1-3', 1676, 2),
(101, 49, 25, '宫保鸡丁盖饭-2-7', 2852, 2),
(102, 49, 29, '宫保鸡丁盖饭-2-8', 1361, 2),
(103, 50, 3, '番茄牛腩盖饭-1-1', 1701, 3),
(104, 51, 5, '宫保鸡丁盖饭-1-2', 2585, 2),
(105, 52, 12, '咖喱鸡饭-1-3', 2666, 3),
(106, 52, 3, '番茄牛腩盖饭-1-1', 1701, 3),
(107, 53, 13, '宫保鸡丁盖饭-1-4', 2059, 3),
(108, 53, 7, '番茄牛腩盖饭-1-2', 1265, 1),
(109, 54, 74, '鱼香肉丝盖饭-5-19', 2283, 3),
(110, 54, 78, '鱼香肉丝盖饭-5-20', 2596, 1),
(111, 54, 75, '番茄牛腩盖饭-5-19', 3188, 3),
(112, 55, 3, '番茄牛腩盖饭-1-1', 1701, 3),
(113, 55, 9, '宫保鸡丁盖饭-1-3', 1676, 2),
(114, 56, 53, '宫保鸡丁盖饭-4-14', 1335, 1),
(115, 56, 55, '番茄牛腩盖饭-4-14', 2994, 3),
(116, 57, 41, '宫保鸡丁盖饭-3-11', 2572, 1),
(117, 57, 38, '鱼香肉丝盖饭-3-10', 2128, 1),
(118, 58, 61, '宫保鸡丁盖饭-4-16', 2303, 2),
(119, 58, 54, '鱼香肉丝盖饭-4-14', 3070, 2),
(120, 58, 49, '宫保鸡丁盖饭-4-13', 2926, 1),
(121, 59, 25, '宫保鸡丁盖饭-2-7', 2852, 3),
(122, 59, 32, '咖喱鸡饭-2-8', 2642, 1),
(123, 59, 17, '宫保鸡丁盖饭-2-5', 2629, 1),
(124, 60, 64, '咖喱鸡饭-4-16', 2017, 1),
(125, 60, 56, '咖喱鸡饭-4-14', 1635, 1),
(126, 60, 61, '宫保鸡丁盖饭-4-16', 2303, 2);

-- Order Status Events
INSERT INTO order_status_events (id, order_id, code, occurred_at) VALUES
(1, 1, 'PENDING', '2025-12-19 07:29:16'),
(2, 1, 'CONFIRMED', '2025-12-19 09:29:16'),
(3, 1, 'PACKED', '2025-12-19 11:29:16'),
(4, 1, 'SHIPPED', '2025-12-19 13:29:16'),
(5, 2, 'PENDING', '2025-12-05 07:29:16'),
(6, 2, 'CONFIRMED', '2025-12-05 09:29:16'),
(7, 2, 'PACKED', '2025-12-05 11:29:16'),
(8, 2, 'SHIPPED', '2025-12-05 13:29:16'),
(9, 2, 'DELIVERED', '2025-12-05 15:29:16'),
(10, 2, 'COMPLETED', '2025-12-05 17:29:16'),
(11, 3, 'PENDING', '2025-12-21 07:29:16'),
(12, 3, 'CONFIRMED', '2025-12-21 09:29:16'),
(13, 3, 'PACKED', '2025-12-21 11:29:16'),
(14, 3, 'SHIPPED', '2025-12-21 13:29:16'),
(15, 4, 'PENDING', '2025-12-09 07:29:16'),
(16, 4, 'CONFIRMED', '2025-12-09 09:29:16'),
(17, 4, 'PACKED', '2025-12-09 11:29:16'),
(18, 4, 'SHIPPED', '2025-12-09 13:29:16'),
(19, 4, 'DELIVERED', '2025-12-09 15:29:16'),
(20, 4, 'COMPLETED', '2025-12-09 17:29:16'),
(21, 5, 'PENDING', '2025-12-18 07:29:16'),
(22, 5, 'CONFIRMED', '2025-12-18 09:29:16'),
(23, 5, 'PACKED', '2025-12-18 11:29:16'),
(24, 5, 'SHIPPED', '2025-12-18 13:29:16'),
(25, 5, 'DELIVERED', '2025-12-18 15:29:16'),
(26, 6, 'PENDING', '2025-12-21 07:29:16'),
(27, 6, 'CONFIRMED', '2025-12-21 09:29:16'),
(28, 6, 'PACKED', '2025-12-21 11:29:16'),
(29, 6, 'SHIPPED', '2025-12-21 13:29:16'),
(30, 6, 'DELIVERED', '2025-12-21 15:29:16'),
(31, 7, 'PENDING', '2025-12-06 07:29:16'),
(32, 7, 'CONFIRMED', '2025-12-06 09:29:16'),
(33, 8, 'PENDING', '2025-12-08 07:29:16'),
(34, 8, 'CONFIRMED', '2025-12-08 09:29:16'),
(35, 8, 'PACKED', '2025-12-08 11:29:16'),
(36, 9, 'PENDING', '2025-12-09 07:29:16'),
(37, 9, 'CONFIRMED', '2025-12-09 09:29:16'),
(38, 10, 'PENDING', '2025-12-11 07:29:16'),
(39, 10, 'CONFIRMED', '2025-12-11 09:29:16'),
(40, 10, 'PACKED', '2025-12-11 11:29:16'),
(41, 10, 'SHIPPED', '2025-12-11 13:29:16'),
(42, 11, 'PENDING', '2025-12-18 07:29:16'),
(43, 12, 'PENDING', '2025-12-07 07:29:16'),
(44, 13, 'PENDING', '2025-12-12 07:29:16'),
(45, 13, 'CONFIRMED', '2025-12-12 09:29:16'),
(46, 14, 'PENDING', '2025-12-07 07:29:16'),
(47, 14, 'CONFIRMED', '2025-12-07 09:29:16'),
(48, 14, 'PACKED', '2025-12-07 11:29:16'),
(49, 14, 'SHIPPED', '2025-12-07 13:29:16'),
(50, 14, 'DELIVERED', '2025-12-07 15:29:16'),
(51, 14, 'COMPLETED', '2025-12-07 17:29:16'),
(52, 15, 'PENDING', '2025-12-23 07:29:16'),
(53, 15, 'CONFIRMED', '2025-12-23 09:29:16'),
(54, 15, 'PACKED', '2025-12-23 11:29:16'),
(55, 15, 'SHIPPED', '2025-12-23 13:29:16'),
(56, 15, 'DELIVERED', '2025-12-23 15:29:16'),
(57, 15, 'COMPLETED', '2025-12-23 17:29:16'),
(58, 16, 'PENDING', '2025-12-23 07:29:16'),
(59, 16, 'CONFIRMED', '2025-12-23 09:29:16'),
(60, 17, 'PENDING', '2025-12-06 07:29:16'),
(61, 17, 'CONFIRMED', '2025-12-06 09:29:16'),
(62, 17, 'PACKED', '2025-12-06 11:29:16'),
(63, 17, 'SHIPPED', '2025-12-06 13:29:16'),
(64, 18, 'PENDING', '2025-12-18 07:29:16'),
(65, 18, 'CONFIRMED', '2025-12-18 09:29:16'),
(66, 18, 'PACKED', '2025-12-18 11:29:16'),
(67, 19, 'PENDING', '2025-12-22 07:29:16'),
(68, 19, 'CONFIRMED', '2025-12-22 09:29:16'),
(69, 19, 'PACKED', '2025-12-22 11:29:16'),
(70, 20, 'PENDING', '2025-12-13 07:29:16'),
(71, 21, 'PENDING', '2025-12-21 07:29:16'),
(72, 21, 'CONFIRMED', '2025-12-21 09:29:16'),
(73, 21, 'PACKED', '2025-12-21 11:29:16'),
(74, 22, 'PENDING', '2025-12-15 07:29:16'),
(75, 22, 'CONFIRMED', '2025-12-15 09:29:16'),
(76, 22, 'PACKED', '2025-12-15 11:29:16'),
(77, 23, 'PENDING', '2025-12-04 07:29:16'),
(78, 24, 'PENDING', '2025-12-19 07:29:16'),
(79, 24, 'CONFIRMED', '2025-12-19 09:29:16'),
(80, 24, 'PACKED', '2025-12-19 11:29:16'),
(81, 24, 'SHIPPED', '2025-12-19 13:29:16'),
(82, 24, 'DELIVERED', '2025-12-19 15:29:16'),
(83, 24, 'COMPLETED', '2025-12-19 17:29:16'),
(84, 25, 'PENDING', '2025-12-23 07:29:16'),
(85, 25, 'CONFIRMED', '2025-12-23 09:29:16'),
(86, 25, 'PACKED', '2025-12-23 11:29:16'),
(87, 25, 'SHIPPED', '2025-12-23 13:29:16'),
(88, 25, 'DELIVERED', '2025-12-23 15:29:16'),
(89, 26, 'PENDING', '2025-12-17 07:29:16'),
(90, 26, 'CONFIRMED', '2025-12-17 09:29:16'),
(91, 26, 'PACKED', '2025-12-17 11:29:16'),
(92, 27, 'PENDING', '2025-12-19 07:29:16'),
(93, 27, 'CONFIRMED', '2025-12-19 09:29:16'),
(94, 27, 'PACKED', '2025-12-19 11:29:16'),
(95, 27, 'SHIPPED', '2025-12-19 13:29:16'),
(96, 28, 'PENDING', '2025-12-09 07:29:16'),
(97, 29, 'PENDING', '2025-12-16 07:29:16'),
(98, 29, 'CONFIRMED', '2025-12-16 09:29:16'),
(99, 29, 'PACKED', '2025-12-16 11:29:16'),
(100, 29, 'SHIPPED', '2025-12-16 13:29:16'),
(101, 30, 'PENDING', '2025-12-21 07:29:16'),
(102, 30, 'CONFIRMED', '2025-12-21 09:29:16'),
(103, 30, 'PACKED', '2025-12-21 11:29:16'),
(104, 31, 'PENDING', '2025-12-05 07:29:16'),
(105, 31, 'CONFIRMED', '2025-12-05 09:29:16'),
(106, 31, 'PACKED', '2025-12-05 11:29:16'),
(107, 31, 'SHIPPED', '2025-12-05 13:29:16'),
(108, 32, 'PENDING', '2025-12-07 07:29:16'),
(109, 32, 'CONFIRMED', '2025-12-07 09:29:16'),
(110, 32, 'PACKED', '2025-12-07 11:29:16'),
(111, 32, 'SHIPPED', '2025-12-07 13:29:16'),
(112, 32, 'DELIVERED', '2025-12-07 15:29:16'),
(113, 33, 'PENDING', '2025-12-08 07:29:16'),
(114, 33, 'CONFIRMED', '2025-12-08 09:29:16'),
(115, 33, 'PACKED', '2025-12-08 11:29:16'),
(116, 33, 'SHIPPED', '2025-12-08 13:29:16'),
(117, 33, 'DELIVERED', '2025-12-08 15:29:16'),
(118, 33, 'COMPLETED', '2025-12-08 17:29:16'),
(119, 34, 'PENDING', '2025-12-11 07:29:16'),
(120, 34, 'CONFIRMED', '2025-12-11 09:29:16'),
(121, 35, 'PENDING', '2025-12-18 07:29:16'),
(122, 35, 'CONFIRMED', '2025-12-18 09:29:16'),
(123, 35, 'PACKED', '2025-12-18 11:29:16'),
(124, 36, 'PENDING', '2025-12-22 07:29:16'),
(125, 36, 'CONFIRMED', '2025-12-22 09:29:16'),
(126, 36, 'PACKED', '2025-12-22 11:29:16'),
(127, 36, 'SHIPPED', '2025-12-22 13:29:16'),
(128, 36, 'DELIVERED', '2025-12-22 15:29:16'),
(129, 36, 'COMPLETED', '2025-12-22 17:29:16'),
(130, 37, 'PENDING', '2025-12-24 07:29:16'),
(131, 37, 'CONFIRMED', '2025-12-24 09:29:16'),
(132, 38, 'PENDING', '2025-12-12 07:29:16'),
(133, 38, 'CONFIRMED', '2025-12-12 09:29:16'),
(134, 38, 'PACKED', '2025-12-12 11:29:16'),
(135, 38, 'SHIPPED', '2025-12-12 13:29:16'),
(136, 38, 'DELIVERED', '2025-12-12 15:29:16'),
(137, 38, 'COMPLETED', '2025-12-12 17:29:16'),
(138, 39, 'PENDING', '2025-12-11 07:29:16'),
(139, 40, 'PENDING', '2025-12-08 07:29:16'),
(140, 40, 'CONFIRMED', '2025-12-08 09:29:16'),
(141, 40, 'PACKED', '2025-12-08 11:29:16'),
(142, 40, 'SHIPPED', '2025-12-08 13:29:16'),
(143, 40, 'DELIVERED', '2025-12-08 15:29:16'),
(144, 40, 'COMPLETED', '2025-12-08 17:29:16'),
(145, 41, 'PENDING', '2025-12-09 07:29:16'),
(146, 41, 'CONFIRMED', '2025-12-09 09:29:16'),
(147, 41, 'PACKED', '2025-12-09 11:29:16'),
(148, 41, 'SHIPPED', '2025-12-09 13:29:16'),
(149, 42, 'PENDING', '2025-12-22 07:29:16'),
(150, 42, 'CONFIRMED', '2025-12-22 09:29:16'),
(151, 42, 'PACKED', '2025-12-22 11:29:16'),
(152, 43, 'PENDING', '2025-12-12 07:29:16'),
(153, 43, 'CONFIRMED', '2025-12-12 09:29:16'),
(154, 44, 'PENDING', '2025-12-11 07:29:16'),
(155, 44, 'CONFIRMED', '2025-12-11 09:29:16'),
(156, 44, 'PACKED', '2025-12-11 11:29:16'),
(157, 44, 'SHIPPED', '2025-12-11 13:29:16'),
(158, 44, 'DELIVERED', '2025-12-11 15:29:16'),
(159, 45, 'PENDING', '2025-12-24 07:29:16'),
(160, 45, 'CONFIRMED', '2025-12-24 09:29:16'),
(161, 45, 'PACKED', '2025-12-24 11:29:16'),
(162, 45, 'SHIPPED', '2025-12-24 13:29:16'),
(163, 46, 'PENDING', '2025-12-09 07:29:16'),
(164, 46, 'CONFIRMED', '2025-12-09 09:29:16'),
(165, 47, 'PENDING', '2025-12-10 07:29:16'),
(166, 47, 'CONFIRMED', '2025-12-10 09:29:16'),
(167, 47, 'PACKED', '2025-12-10 11:29:16'),
(168, 47, 'SHIPPED', '2025-12-10 13:29:16'),
(169, 47, 'DELIVERED', '2025-12-10 15:29:16'),
(170, 47, 'COMPLETED', '2025-12-10 17:29:16'),
(171, 48, 'PENDING', '2025-12-20 07:29:16'),
(172, 48, 'CONFIRMED', '2025-12-20 09:29:16'),
(173, 48, 'PACKED', '2025-12-20 11:29:16'),
(174, 48, 'SHIPPED', '2025-12-20 13:29:16'),
(175, 48, 'DELIVERED', '2025-12-20 15:29:16'),
(176, 48, 'COMPLETED', '2025-12-20 17:29:16'),
(177, 49, 'PENDING', '2025-12-14 07:29:16'),
(178, 49, 'CONFIRMED', '2025-12-14 09:29:16'),
(179, 49, 'PACKED', '2025-12-14 11:29:16'),
(180, 49, 'SHIPPED', '2025-12-14 13:29:16'),
(181, 50, 'PENDING', '2025-12-07 07:29:16'),
(182, 50, 'CONFIRMED', '2025-12-07 09:29:16'),
(183, 50, 'PACKED', '2025-12-07 11:29:16'),
(184, 50, 'SHIPPED', '2025-12-07 13:29:16'),
(185, 51, 'PENDING', '2025-12-24 07:29:16'),
(186, 51, 'CONFIRMED', '2025-12-24 09:29:16'),
(187, 52, 'PENDING', '2025-12-18 07:29:16'),
(188, 52, 'CONFIRMED', '2025-12-18 09:29:16'),
(189, 52, 'PACKED', '2025-12-18 11:29:16'),
(190, 52, 'SHIPPED', '2025-12-18 13:29:16'),
(191, 52, 'DELIVERED', '2025-12-18 15:29:16'),
(192, 53, 'PENDING', '2025-12-21 07:29:16'),
(193, 53, 'CONFIRMED', '2025-12-21 09:29:16'),
(194, 54, 'PENDING', '2025-12-04 07:29:16'),
(195, 54, 'CONFIRMED', '2025-12-04 09:29:16'),
(196, 54, 'PACKED', '2025-12-04 11:29:16'),
(197, 54, 'SHIPPED', '2025-12-04 13:29:16'),
(198, 54, 'DELIVERED', '2025-12-04 15:29:16'),
(199, 54, 'COMPLETED', '2025-12-04 17:29:16'),
(200, 55, 'PENDING', '2025-12-07 07:29:16'),
(201, 55, 'CONFIRMED', '2025-12-07 09:29:16'),
(202, 55, 'PACKED', '2025-12-07 11:29:16'),
(203, 56, 'PENDING', '2025-12-11 07:29:16'),
(204, 56, 'CONFIRMED', '2025-12-11 09:29:16'),
(205, 56, 'PACKED', '2025-12-11 11:29:16'),
(206, 56, 'SHIPPED', '2025-12-11 13:29:16'),
(207, 57, 'PENDING', '2025-12-07 07:29:16'),
(208, 57, 'CONFIRMED', '2025-12-07 09:29:16'),
(209, 57, 'PACKED', '2025-12-07 11:29:16'),
(210, 57, 'SHIPPED', '2025-12-07 13:29:16'),
(211, 57, 'DELIVERED', '2025-12-07 15:29:16'),
(212, 58, 'PENDING', '2025-12-10 07:29:16'),
(213, 58, 'CONFIRMED', '2025-12-10 09:29:16'),
(214, 59, 'PENDING', '2025-12-16 07:29:16'),
(215, 59, 'CONFIRMED', '2025-12-16 09:29:16'),
(216, 59, 'PACKED', '2025-12-16 11:29:16'),
(217, 60, 'PENDING', '2025-12-17 07:29:16'),
(218, 60, 'CONFIRMED', '2025-12-17 09:29:16'),
(219, 60, 'PACKED', '2025-12-17 11:29:16'),
(220, 60, 'SHIPPED', '2025-12-17 13:29:16');